"entity_id","state","friendly_name","domain","unit","device_class"
"alarm_control_panel.blink_grayburn","armed_away","blink Grayburn","alarm_control_panel",,
"automation.back_garden_light_on","on","Back garden light on","automation",,
"automation.back_garden_off","on","Back Garden off","automation",,
"automation.blink_snapshot_on_motion_inside","on","Blink Snapshot on Motion - Inside","automation",,
"automation.blink_snapshot_on_motion_outside","on","Blink Snapshot on Motion - Outside","automation",,
"automation.button1single","on","button1_toggle","automation",,
"automation.button2_toggle","on","button2_toggle","automation",,
"automation.buzzer2test","on","buzzer2test","automation",,
"automation.freeze_forecast","on","Freeze Forecast","automation",,
"automation.frontdrive_studybuzzer","on","FrontDrive_StudyBuzzer","automation",,
"automation.frontdrivenotification","on","FrontDriveNotification","automation",,
"automation.greehouse_heater","on","Greehouse heater","automation",,
"automation.greenhouse_ir_off","on","Greenhouse IR Off","automation",,
"automation.greenhouse_ir_on","on","Greenhouse IR on","automation",,
"automation.iks1_down","on","iks1-down ","automation",,
"automation.iks1_right","on","iks1-right","automation",,
"automation.iks1_up","on","iks1-up","automation",,
"automation.iks1_up_2","on","iks1-left","automation",,
"automation.ikw1","on","Ikw1","automation",,
"automation.ikw1_bright","on","Ikw1-bright","automation",,
"automation.ikw1_dim","on","Ikw1-dim","automation",,
"automation.ikw1_jlamp","on","Ikw1-jlamp","automation",,
"automation.lamp_off","on","Lamp off","automation",,
"automation.lamp_on","on","Lamp on","automation",,
"automation.laundry_room_off","on","Laundry Room Off","automation",,
"automation.laundryroomon","on","LaundryRoomOn","automation",,
"automation.light_garden_04_30","on","Light garden 04:30","automation",,
"automation.pantry_off","on","Pantry off","automation",,
"automation.pantry_on","on","Pantry on","automation",,
"automation.side_door_open_disco_shed","on","Side Door Open Disco Shed","automation",,
"automation.turn_off_greenhouse_heater","on","Turn off greenhouse heater ","automation",,
"automation.wobbly","on","Wobbly ","automation",,
"binary_sensor.0x00158d008bbe83c8_contact","off","Garage door Door","binary_sensor",,"door"
"binary_sensor.0x001788010f692336_occupancy","off","Back garden motion Occupancy","binary_sensor",,"occupancy"
"binary_sensor.192_168_50_232_19132_status","on","192.168.50.232:19132 Status","binary_sensor",,"connectivity"
"binary_sensor.below_zero","off","Back garden motion Below Zero","binary_sensor",,
"binary_sensor.blinkin_battery","on","BlinkIn  Battery","binary_sensor",,"battery"
"binary_sensor.blinkin_motion","off","BlinkIn  Motion","binary_sensor",,"motion"
"binary_sensor.blinkout_battery","off","BlinkOut  Battery","binary_sensor",,"battery"
"binary_sensor.blinkout_motion","off","BlinkOut  Motion","binary_sensor",,"motion"
"binary_sensor.buzzer_battery_low","unknown","Buzzer Battery","binary_sensor",,"battery"
"binary_sensor.buzzer2_battery_low","unknown","Buzzer2 Battery","binary_sensor",,"battery"
"binary_sensor.conservatory_door_contact","off","Conservatory door Door","binary_sensor",,"door"
"binary_sensor.dishwasher_connectivity","on","Dishwasher Connectivity","binary_sensor",,"connectivity"
"binary_sensor.dishwasher_remote_control","on","Dishwasher Remote control","binary_sensor",,
"binary_sensor.dishwasher_remote_start","off","Dishwasher Remote start","binary_sensor",,
"binary_sensor.door_check","off","Door Check","binary_sensor",,"door"
"binary_sensor.dryer_running","off","Dryer Running","binary_sensor",,
"binary_sensor.f1_race_f1_race_week","on","F1 - Race Race week","binary_sensor",,
"binary_sensor.f1_race_week","on","F1 - Race Race week","binary_sensor",,
"binary_sensor.f1_race_week_2","on","F1 - Race Race week","binary_sensor",,
"binary_sensor.f1_safety_car","unavailable","F1 - Session Safety car","binary_sensor",,
"binary_sensor.f1_session_f1_formation_start","unavailable","F1 - Session Formation start","binary_sensor",,
"binary_sensor.f1_session_formation_start","unavailable","F1 - Session Formation start","binary_sensor",,
"binary_sensor.f1_session_formation_start_2","unavailable","F1 - Session Formation start","binary_sensor",,
"binary_sensor.f1_session_overtake_mode","unavailable","F1 - Session Overtake mode","binary_sensor",,
"binary_sensor.f1_system_f1_live_timing_online","off","F1 - System Live timing online","binary_sensor",,"connectivity"
"binary_sensor.f1_system_live_timing_online","off","F1 - System Live timing online","binary_sensor",,"connectivity"
"binary_sensor.f1_system_live_timing_online_2","off","F1 - System Live timing online","binary_sensor",,"connectivity"
"binary_sensor.food_muncher_cloud_connection","on","Christmas Cloud connection","binary_sensor",,"connectivity"
"binary_sensor.front_door_battery_low","off","Front Door Battery","binary_sensor",,"battery"
"binary_sensor.front_door_contact","off","Front Door Door","binary_sensor",,"door"
"binary_sensor.front_door_tamper","off","Front Door Tamper","binary_sensor",,"tamper"
"binary_sensor.heater_cloud_connection","on","Heater Cloud connection","binary_sensor",,"connectivity"
"binary_sensor.is_freezing_2","off","Back garden motion Is Freezing","binary_sensor",,
"binary_sensor.is_freezing_outside","off","Is Freezing Outside","binary_sensor",,"cold"
"binary_sensor.is_night","off","Back garden motion is_night","binary_sensor",,
"binary_sensor.james_lamp_cloud_connection","on","James Lamp Cloud connection","binary_sensor",,"connectivity"
"binary_sensor.james17_lost","off","James17 Lost","binary_sensor",,
"binary_sensor.keys_lost","on","Keys Lost","binary_sensor",,
"binary_sensor.kitchen_humid","off","Kitchen Humidity","binary_sensor",,"moisture"
"binary_sensor.laundry_presence_occupancy","off","Laundry Occupied Occupancy","binary_sensor",,"occupancy"
"binary_sensor.led_lights_cloud_connection","on","Led Lights Cloud connection","binary_sensor",,"connectivity"
"binary_sensor.octopus_energy_a_c361fa52_octoplus_saving_sessions","off","Octoplus (A-C361FA52) Octoplus Saving Sessions (A-C361FA52)","binary_sensor",,
"binary_sensor.octopus_energy_electricity_22j0693935_2000005235725_off_peak","off","Electricity Meter Off Peak Electricity (22J0693935/2000005235725)","binary_sensor",,
"binary_sensor.office_standard_cloud_connection","on","Office Fan Heater Cloud connection","binary_sensor",,"connectivity"
"binary_sensor.pantrysensor_occupancy","off","Pantrysensor Occupancy","binary_sensor",,"occupancy"
"binary_sensor.premier_active_pen_lost","off","Premier Active Pen Lost","binary_sensor",,
"binary_sensor.psn_james_subscribed_to_playstation_plus","off","PSN James Subscribed to PlayStation Plus","binary_sensor",,
"binary_sensor.rt_ax58u_3708_wan_status","on","RT-AX58U-3708 WAN status","binary_sensor",,"connectivity"
"binary_sensor.screen_cloud_connection","on","Screen Cloud connection","binary_sensor",,"connectivity"
"binary_sensor.shelves_cloud_connection","on","Shelves Cloud connection","binary_sensor",,"connectivity"
"binary_sensor.side_door_battery_low","off","Side Door Battery","binary_sensor",,"battery"
"binary_sensor.side_door_contact","off","Side Door Door","binary_sensor",,"door"
"binary_sensor.side_door_tamper","off","Side Door Tamper","binary_sensor",,"tamper"
"binary_sensor.sinkleak_water_leak","off","SinkLeak Moisture","binary_sensor",,"moisture"
"binary_sensor.study_door_contact","off","study door Door","binary_sensor",,"door"
"binary_sensor.study_leak_detector_water_leak","off","Study leak detector Moisture","binary_sensor",,"moisture"
"binary_sensor.studypresence_occupancy","on","StudyPresence Occupancy","binary_sensor",,"occupancy"
"binary_sensor.vibration_1_battery_low","off","Vibration1 Battery","binary_sensor",,"battery"
"binary_sensor.vibration_1_vibration","off","Vibration1 Vibration","binary_sensor",,"vibration"
"binary_sensor.zigbee2mqtt_bridge_connection_state","on","Zigbee2MQTT Bridge Connection state","binary_sensor",,"connectivity"
"button.40in_rca_roku_tv_favorite_current_song","unknown","40in RCA Roku TV Favorite current song","button",,
"button.bravia_kdl_32v5500_favorite_current_song","unavailable","BRAVIA KDL-32V5500      Favorite current song","button",,
"button.clear_additional_tracked","2025-11-26T16:48:55.402587+00:00","FlightRadar24 Clear Additional tracked","button",,"restart"
"button.dishwasher_stop_program","unknown","Dishwasher Stop program","button",,
"button.f1_match_live_delay","unknown","F1 - System Match live delay","button",,
"button.f1_match_live_delay_2","unknown","F1 - System Match live delay","button",,
"button.f1_replay_back_30","unknown","F1 - System Back 30 seconds","button",,
"button.f1_replay_back_30_2","unknown","F1 - System Back 30 seconds","button",,
"button.f1_replay_forward_30","unknown","F1 - System Forward 30 seconds","button",,
"button.f1_replay_forward_30_2","unknown","F1 - System Forward 30 seconds","button",,
"button.f1_replay_load","unknown","F1 - System Load session","button",,
"button.f1_replay_load_2","unknown","F1 - System Load session","button",,
"button.f1_replay_pause","unknown","F1 - System Pause","button",,
"button.f1_replay_pause_2","unknown","F1 - System Pause","button",,
"button.f1_replay_play","unknown","F1 - System Play","button",,
"button.f1_replay_play_2","unknown","F1 - System Play","button",,
"button.f1_replay_refresh_sessions","unknown","F1 - System Refresh sessions","button",,
"button.f1_replay_refresh_sessions_2","unknown","F1 - System Refresh sessions","button",,
"button.f1_replay_stop","unknown","F1 - System Stop","button",,
"button.f1_replay_stop_2","unknown","F1 - System Stop","button",,
"button.f1_system_f1_delay_calibration_match","unknown","F1 - System Match live delay","button",,
"button.f1_system_f1_jolpica_ua_test","unknown","F1 - System Jolpica user-agent test","button",,
"button.f1_system_f1_jolpica_ua_test_2","unknown","F1 - System Jolpica user-agent test","button",,
"button.f1_system_f1_jolpica_ua_test_3","unknown","F1 - System Jolpica user-agent test","button",,
"button.f1_system_f1_replay_back_30","unknown","F1 - System Back 30 seconds","button",,
"button.f1_system_f1_replay_forward_30","unknown","F1 - System Forward 30 seconds","button",,
"button.f1_system_f1_replay_load","unknown","F1 - System Load session","button",,
"button.f1_system_f1_replay_pause","unknown","F1 - System Pause","button",,
"button.f1_system_f1_replay_play","unknown","F1 - System Play","button",,
"button.f1_system_f1_replay_refresh","unknown","F1 - System Refresh sessions","button",,
"button.f1_system_f1_replay_stop","unknown","F1 - System Stop","button",,
"button.googlehome3602_favorite_current_song","unknown","Living Room speaker Favorite current song","button",,
"button.googlehome9494_favorite_current_song","unavailable","Favorite current song","button",,
"button.ikea_bulb_1_identify","unknown","Ikea bulb 1 Identify","button",,"identify"
"button.ikeawhite1_identify","unknown","IkeaWhite1 Identify","button",,"identify"
"button.iks1_identify","2026-04-02T19:43:53.371534+00:00","iks1 Identify","button",,"identify"
"button.james_s_firetv_favorite_current_song","unknown","James's FireTV Favorite current song","button",,
"button.living_room_tv_favorite_current_song","unknown","Living Room TV Favorite current song","button",,
"button.office_tv_favorite_current_song","2026-03-31T15:31:09.112149+00:00","Office TV Favorite current song","button",,
"button.sinkleak_identify","unknown","SinkLeak Identify","button",,"identify"
"button.sky_q_2tb_box6402_favorite_current_song","unknown","Sky Q 2TB Box6402 Favorite current song","button",,
"button.sky_q_mini3301_favorite_current_song","unknown","Sky Q Mini3301 Favorite current song","button",,
"button.sky_q_mini6186_favorite_current_song","2026-04-14T20:20:05.261594+00:00","Sky Q Mini6186 Favorite current song","button",,
"button.study_leak_detector_identify","unknown","Study leak detector Identify","button",,"identify"
"button.telly_favorite_current_song","unknown","telly Favorite current song","button",,
"button.zigbee2mqtt_bridge_restart","unknown","Zigbee2MQTT Bridge Restart","button",,"restart"
"calendar.f1_race_f1_season_calendar","off","F1 - Race Season calendar","calendar",,
"calendar.f1_race_season_calendar","off","F1 - Race Season calendar","calendar",,
"calendar.f1_race_season_calendar_2","off","F1 - Race Season calendar","calendar",,
"calendar.grayburn_close_food_waste_calendar_device_grayburn_close_food_waste_calendar","unavailable","Grayburn Close Food waste Calendar","calendar",,
"calendar.grayburn_close_garden_waste_calendar_device_grayburn_close_garden_waste_calendar","unavailable","Grayburn Close Garden waste Calendar","calendar",,
"calendar.grayburn_close_general_waste_calendar_device_grayburn_close_general_waste_calendar","unavailable","Grayburn Close General waste Calendar","calendar",,
"calendar.grayburn_close_mixed_recycling_calendar_device_grayburn_close_mixed_recycling_calendar","unavailable","Grayburn Close Mixed recycling Calendar","calendar",,
"calendar.grayburn_close_paper_and_cardboard_calendar_device_grayburn_close_paper_and_cardboard_calendar","unavailable","Grayburn Close Paper and cardboard Calendar","calendar",,
"calendar.grayburn_close_textiles_batteries_electricals_calendar_device_grayburn_close_textiles_batteries_electricals_calendar","unavailable","Grayburn Close Textiles/Batteries/Electricals Calendar","calendar",,
"calendar.octopus_energy_a_c361fa52_greener_nights","off","Greenness Forecast (A-C361FA52) Greener Nights (A-C361FA52)","calendar",,
"calendar.octopus_energy_a_c361fa52_octoplus_saving_sessions","off","Octoplus (A-C361FA52) Octoplus Saving Sessions (A-C361FA52)","calendar",,
"camera.blinkin","idle","BlinkIn ","camera",,
"camera.blinkout","idle","BlinkOut ","camera",,
"climate.0xc4d8c8fffe5a20b9","heat","Hallway Radiator","climate",,
"conversation.home_assistant","unknown","Home Assistant","conversation",,
"device_tracker.galaxy_note_9","home","galaxy note 9","device_tracker",,
"device_tracker.ipad","home","iPad","device_tracker",,
"device_tracker.j_iphone_17","home","J iPhone 17","device_tracker",,
"device_tracker.james17","home","James17","device_tracker",,
"device_tracker.jamess_ipad","home","James???s iPad","device_tracker",,
"device_tracker.keys","home","Keys","device_tracker",,
"device_tracker.lisa_s_iphone","home","Lisa's iPhone","device_tracker",,
"device_tracker.lisa_s_iphone_17","home","Lisa's iPhone 17","device_tracker",,
"device_tracker.premier_active_pen","home","Premier Active Pen","device_tracker",,
"device_tracker.sams_phone","home","sams phone","device_tracker",,
"device_tracker.samsung9","home","Samsung9","device_tracker",,
"event.backup_automatic_backup","2026-04-28T04:46:26.685+00:00","Backup Automatic backup","event",,
"event.octopus_energy_a_c361fa52_octoplus_saving_session_events","2026-04-28T18:42:25.529+00:00","Octoplus (A-C361FA52) Octoplus Saving Session Events (A-C361FA52)","event",,
"event.octopus_energy_electricity_22j0693935_2000005235725_current_day_rates","2026-04-27T23:06:35.842+00:00","Electricity Meter Current Day Rates Electricity (22J0693935/2000005235725)","event",,
"event.octopus_energy_electricity_22j0693935_2000005235725_next_day_rates","2026-04-27T23:06:35.846+00:00","Electricity Meter Next Day Rates Electricity (22J0693935/2000005235725)","event",,
"event.octopus_energy_electricity_22j0693935_2000005235725_previous_day_rates","2026-04-27T23:06:35.838+00:00","Electricity Meter Previous Day Rates Electricity (22J0693935/2000005235725)","event",,
"event.octopus_energy_gas_e6s18621232261_3326254603_current_day_rates","2026-04-27T23:06:33.909+00:00","Gas Meter Current Day Rates Gas (E6S18621232261/3326254603)","event",,
"event.octopus_energy_gas_e6s18621232261_3326254603_next_day_rates","2026-04-27T23:06:33.913+00:00","Gas Meter Next Day Rates Gas (E6S18621232261/3326254603)","event",,
"event.octopus_energy_gas_e6s18621232261_3326254603_previous_day_rates","2026-04-27T23:06:33.905+00:00","Gas Meter Previous Day Rates Gas (E6S18621232261/3326254603)","event",,
"fan.levoit_smart_air_purifier","off","Levoit Smart Air Purifier","fan",,
"fan.office_fan_heater","off","Office Fan Heater","fan",,
"govee.state","async_setup called",,"govee",,
"image.psn_james_avatar","2026-04-25T20:30:15.554945+00:00","PSN James Avatar","image",,
"image.psn_james_now_playing","2026-04-28T01:37:16.480271+00:00","PSN James Now playing","image",,
"image.psn_james_share_profile","2026-04-25T20:30:15.553971+00:00","PSN James Share profile","image",,
"input_boolean.freezy","on","freezy","input_boolean",,
"light.0xa4c138bef310d974","off","Laundry light ","light",,
"light.back_garden_switch","off","Back Garden Light","light",,
"light.bedroom_light","off","Bedroom Light","light",,
"light.chanfok_ceiling_fan_night_light","off","Bedroom Fan Night light","light",,
"light.christmas","off","Christmas","light",,
"light.dimmer_switch_wifi_ble_light_1","off","Wall lights","light",,
"light.discoshed","off","DiscoShed","light",,
"light.ikea_bulb_1","off","Ikea bulb 1","light",,
"light.pantrylight","off","PantryLight","light",,
"light.shelves","off","Shelves","light",,
"media_player.40in_rca_roku_tv","idle","40in RCA Roku TV","media_player",,"speaker"
"media_player.bravia_kdl_32v5500","unavailable","BRAVIA KDL-32V5500     ","media_player",,"speaker"
"media_player.f1_replay_player","idle","F1 - System Replay player","media_player",,
"media_player.f1_replay_player_2","idle","F1 - System Replay player","media_player",,
"media_player.f1_system_f1_replay_player","idle","F1 - System Replay player","media_player",,
"media_player.googlehome3602","off","Living Room speaker","media_player",,"speaker"
"media_player.googlehome3602_2","idle","Living Room speaker","media_player",,"speaker"
"media_player.googlehome9494","unavailable",,"media_player",,"speaker"
"media_player.googlehome9494_2","unavailable",,"media_player",,"speaker"
"media_player.james_s_firetv","idle","James's FireTV","media_player",,"speaker"
"media_player.living_room_speaker","unavailable",,"media_player",,"speaker"
"media_player.living_room_tv","off","Living Room TV","media_player",,
"media_player.living_room_tv_2","idle","Living Room TV","media_player",,"speaker"
"media_player.office_tv","off","Office TV","media_player",,
"media_player.office_tv_2","off","Office TV","media_player",,"tv"
"media_player.office_tv_3","idle","Office TV","media_player",,"speaker"
"media_player.playstation_4","off","PlayStation 4","media_player",,"receiver"
"media_player.sky_q_2tb_box6402","idle","Sky Q 2TB Box6402","media_player",,"speaker"
"media_player.sky_q_mini3301","idle","Sky Q Mini3301","media_player",,"speaker"
"media_player.sky_q_mini6186","idle","Sky Q Mini6186","media_player",,"speaker"
"media_player.telly","unavailable","telly","media_player",,
"media_player.telly_2","idle","telly","media_player",,"speaker"
"notify.mrmarmite_jp_direct_message_edwardpartridge","unknown","PSN James Direct message: edwardpartridge","notify",,
"notify.psn_james_group_free_psn_giftcards","unknown","PSN James Group: FREE PSN GIFTCARDS","notify",,
"number.0x001788010f692336_occupancy_timeout","20","Back garden motion Occupancy timeout","number","s",
"number.0xc4d8c8fffe5a20b9_external_temperature_input","19.3","Hallway Radiator Temperature","number","??C","temperature"
"number.0xc4d8c8fffe5a20b9_frost_protection_temperature","7","Hallway Radiator Frost protection temperature","number","??C",
"number.0xc4d8c8fffe5a20b9_local_temperature_calibration","-9.0","Hallway Radiator Temperature delta","number","??C","temperature_delta"
"number.0xc4d8c8fffe5a20b9_temperature_accuracy","-1.0","Hallway Radiator Temperature accuracy","number","??C",
"number.0xc4d8c8fffe5a20b9_temporary_mode_duration","0","Hallway Radiator Temporary mode duration","number","minutes",
"number.0xc4d8c8fffe5a20b9_timer_mode_target_temp","unknown","Hallway Radiator Timer mode target temp","number","??C",
"number.0xc4d8c8fffe5a20b9_valve_closing_degree","100","Hallway Radiator Valve closing degree","number","%",
"number.0xc4d8c8fffe5a20b9_valve_opening_degree","100","Hallway Radiator Valve opening degree","number","%",
"number.buzzer_duration","unknown","Buzzer Duration","number","s",
"number.buzzer2_duration","unknown","Buzzer2 Duration","number","s",
"number.dimmer_switch_wifi_ble_maximum_brightness_1","1000.0","Living Room Lights Maximum brightness 1","number",,
"number.dimmer_switch_wifi_ble_minimum_brightness_1","10.0","Living Room Lights Minimum brightness 1","number",,
"number.dishwasher_start_in_relative","0","Dishwasher Start in relative","number","s",
"number.f1_live_delay","0","F1 - System Live delay","number",,
"number.f1_live_delay_2","0","F1 - System Live delay","number",,
"number.f1_system_f1_live_delay","0","F1 - System Live delay","number",,
"number.laundry_presence_occupancy_timeout","unknown","Laundry Occupied Occupancy timeout","number",,
"number.pantrysensor_occupancy_timeout","25","Pantrysensor Occupancy timeout","number",,
"number.studypresence_occupancy_timeout","30","StudyPresence Occupancy timeout","number",,
"person.james","home","james","person",,
"person.lisa","home","Lisa","person",,
"person.mqtt_user","unknown","mqtt_user","person",,
"person.sam","home","Sam","person",,
"remote.office_tv","off","Office TV","remote",,
"scene.warm_study","2026-04-10T17:08:02.116139+00:00","Warm study","scene",,
"script.disco_off","off","Disco Off","script",,
"script.discoblue","off","DiscoBlue","script",,
"script.discogreen","off","DiscoGreen","script",,
"script.discoorange","off","DiscoOrange","script",,
"script.phonetest","off","phonetest","script",,
"script.tv_on","off","TV_on","script",,
"select.0x001788010f692336_motion_sensitivity","medium","Back garden motion Motion sensitivity","select",,
"select.0x180df9fffef4eca7_power_on_behavior","off","Back garden switch Power-on behavior","select",,
"select.0xa4c138bef310d974_power_on_behavior","on","Laundry light  Power-on behavior","select",,
"select.0xc4d8c8fffe5a20b9_temperature_sensor_select","internal","Hallway Radiator Temperature sensor","select",,
"select.0xc4d8c8fffe5a20b9_temporary_mode_select","boost","Hallway Radiator Temporary mode ","select",,
"select.buzzer_melody","4","Buzzer Melody","select",,
"select.buzzer_volume","low","Buzzer Volume","select",,
"select.buzzer2_melody","6","Buzzer2 Melody","select",,
"select.buzzer2_volume","low","Buzzer2 Volume","select",,
"select.dishwasher_active_program","unknown","Dishwasher Active program","select",,
"select.dishwasher_selected_program","dishcare_dishwasher_program_eco_50","Dishwasher Selected program","select",,
"select.f1_live_delay_reference","Session live","F1 - System Live delay reference","select",,
"select.f1_live_delay_reference_2","Session live","F1 - System Live delay reference","select",,
"select.f1_replay_session","unknown","F1 - System Replay session","select",,
"select.f1_replay_session_2","unknown","F1 - System Replay session","select",,
"select.f1_replay_start_reference","Formation start (race/sprint)","F1 - System Replay start reference","select",,
"select.f1_replay_start_reference_2","Formation start (race/sprint)","F1 - System Replay start reference","select",,
"select.f1_replay_year","2026","F1 - System Replay year","select",,
"select.f1_replay_year_2","2026","F1 - System Replay year","select",,
"select.f1_system_f1_live_delay_reference","Session live","F1 - System Live delay reference","select",,
"select.f1_system_f1_replay_session","unknown","F1 - System Replay session","select",,
"select.f1_system_f1_replay_start_reference","Formation start (race/sprint)","F1 - System Replay start reference","select",,
"select.f1_system_f1_replay_year","2026","F1 - System Replay year","select",,
"select.ikea_bulb_1_power_on_behavior","previous","Ikea bulb 1 Power-on behavior","select",,
"select.laundry_presence_occupancy_sensitivity","medium","Laundry Occupied Occupancy sensitivity","select",,
"select.pantrylight_power_on_behavior","on","PantryLight Power-on behavior","select",,
"select.pantrysensor_occupancy_sensitivity","medium","Pantrysensor Occupancy sensitivity","select",,
"select.power_strip_power_on_behavior","last","Power strip Power-on behavior","select",,
"select.studypresence_occupancy_sensitivity","medium","StudyPresence Occupancy sensitivity","select",,
"select.zigbee2mqtt_bridge_log_level","info","Zigbee2MQTT Bridge Log level","select",,
"sensor.01kpv2mrr3a8q1e40rqztxze36_raw_json","unknown","01KPV2MRR3A8Q1E40RQZTXZE36 Raw JSON","sensor",,
"sensor.0x00158d008bbe83c8_battery","100","Garage door Battery","sensor","%","battery"
"sensor.0x00158d008bbe83c8_device_temperature","21","Garage door Temperature","sensor","??C","temperature"
"sensor.0x00158d008bbe83c8_voltage","3095","Garage door Voltage","sensor","mV","voltage"
"sensor.0x001788010f692336_battery","100","Back garden motion Battery","sensor","%","battery"
"sensor.0x001788010f692336_illuminance","955","Back garden motion Illuminance","sensor","lx","illuminance"
"sensor.0x001788010f692336_linkquality","45","Back garden motion Linkquality","sensor","lqi",
"sensor.0x001788010f692336_temperature","14.27","Back garden motion Temperature","sensor","??C","temperature"
"sensor.0x180df9fffef4eca7_detach_relay_mode","{'detach_relay_outlet1': 'DISABLE', 'detach_relay_outlet2': 'DISABLE', 'detach_relay_outlet3': 'DISABLE'}","Back garden switch Detach relay mode","sensor",,
"sensor.0x180df9fffef4eca7_device_work_mode","Zigbee router","Back garden switch Device work mode","sensor",,
"sensor.0xc4d8c8fffe492fc9_linkquality","57","Button 2 Linkquality","sensor","lqi",
"sensor.0xc4d8c8fffe49a69b_linkquality","54","Button1 Linkquality","sensor","lqi",
"sensor.0xc4d8c8fffe5a20b9_battery","100","Hallway Radiator Battery","sensor","%","battery"
"sensor.0xc4d8c8fffe5a20b9_closing_steps","303","Hallway Radiator Closing steps","sensor",,
"sensor.0xc4d8c8fffe5a20b9_idle_steps","277","Hallway Radiator Idle steps","sensor",,
"sensor.0xc4d8c8fffe5a20b9_local_temperature","11.6","Hallway Radiator Temperature","sensor","??C","temperature"
"sensor.0xc4d8c8fffe5a20b9_valve_closing_limit_voltage","2579","Hallway Radiator Valve closing limit voltage","sensor","mV",
"sensor.0xc4d8c8fffe5a20b9_valve_motor_running_voltage","1204","Hallway Radiator Valve motor running voltage","sensor","mV",
"sensor.0xc4d8c8fffe5a20b9_valve_opening_limit_voltage","1869","Hallway Radiator Valve opening limit voltage","sensor","mV",
"sensor.0xf0fd45fffe29e12b_linkquality","66","IkeaWhite1 Linkquality","sensor","lqi",
"sensor.192_168_50_232_19132_game_mode","Creative","192.168.50.232:19132 Game mode","sensor",,
"sensor.192_168_50_232_19132_latency","10.0740054622293","192.168.50.232:19132 Latency","sensor","ms",
"sensor.192_168_50_232_19132_map_name","Bedrock level","192.168.50.232:19132 Map name","sensor",,
"sensor.192_168_50_232_19132_players_online","0","192.168.50.232:19132 Players online","sensor","players",
"sensor.192_168_50_232_19132_version","1.26.11","192.168.50.232:19132 Version","sensor",,
"sensor.192_168_50_232_19132_world_message","","192.168.50.232:19132 World message","sensor",,
"sensor.back_garden_switch_action","unknown","Back garden switch Action","sensor",,
"sensor.backup_backup_manager_state","idle","Backup Backup Manager state","sensor",,"enum"
"sensor.backup_last_attempted_automatic_backup","2026-04-28T04:42:18+00:00","Backup Last attempted automatic backup","sensor",,"timestamp"
"sensor.backup_last_successful_automatic_backup","2026-04-28T04:46:25+00:00","Backup Last successful automatic backup","sensor",,"timestamp"
"sensor.backup_next_scheduled_automatic_backup","2026-04-29T04:34:13+00:00","Backup Next scheduled automatic backup","sensor",,"timestamp"
"sensor.blink_blinkin_temperature","unknown","BlinkIn  Temperature","sensor","??C","temperature"
"sensor.blink_blinkin_wi_fi_signal_strength","unknown","BlinkIn  Wi-Fi signal strength","sensor","dBm","signal_strength"
"sensor.blink_blinkout_temperature","15.0","BlinkOut  Temperature","sensor","??C","temperature"
"sensor.blink_blinkout_wi_fi_signal_strength","-65","BlinkOut  Wi-Fi signal strength","sensor","dBm","signal_strength"
"sensor.button_1_action","unknown","Button1 Action","sensor",,
"sensor.button_1_battery","100","Button1 Battery","sensor","%","battery"
"sensor.button_1_voltage","3000","Button1 Voltage","sensor","mV","voltage"
"sensor.button_2_action","unknown","Button 2 Action","sensor",,
"sensor.button_2_battery","100","Button 2 Battery","sensor","%","battery"
"sensor.button_2_voltage","3000","Button 2 Voltage","sensor","mV","voltage"
"sensor.buzzer_battpercentage","100","Buzzer Battpercentage","sensor","%",
"sensor.buzzer2_battpercentage","100","Buzzer2 Battpercentage","sensor","%",
"sensor.conservatory_door_battery","100","Conservatory door Battery","sensor","%","battery"
"sensor.conservatory_door_device_temperature","20","Conservatory door Temperature","sensor","??C","temperature"
"sensor.conservatory_door_voltage","3125","Conservatory door Voltage","sensor","mV","voltage"
"sensor.dishwasher_door","open","Dishwasher Door","sensor",,"enum"
"sensor.dishwasher_operation_state","ready","Dishwasher Operation state","sensor",,"enum"
"sensor.dishwasher_program_finish_time","unavailable","Dishwasher Program finish time","sensor",,"timestamp"
"sensor.dishwasher_program_finished","off","Dishwasher Program finished","sensor",,"enum"
"sensor.dishwasher_program_progress","unavailable","Dishwasher Program progress","sensor","%",
"sensor.dishwasher_rinse_aid_nearly_empty","off","Dishwasher Rinse aid nearly empty","sensor",,"enum"
"sensor.dishwasher_salt_nearly_empty","off","Dishwasher Salt nearly empty","sensor",,"enum"
"sensor.f1_championship_championship_prediction_drivers","unavailable","F1 - Championship Championship prediction (drivers)","sensor",,
"sensor.f1_championship_championship_prediction_teams","unavailable","F1 - Championship Championship prediction (teams)","sensor",,
"sensor.f1_championship_constructor_points_progression","3","F1 - Championship Constructor points progression","sensor",,
"sensor.f1_championship_driver_points_progression","3","F1 - Championship Driver points progression","sensor",,
"sensor.f1_championship_f1_constructor_points_progression","3","F1 - Championship Constructor points progression","sensor",,
"sensor.f1_championship_f1_constructor_standings","11","F1 - Championship Constructor standings","sensor",,
"sensor.f1_championship_f1_driver_points_progression","3","F1 - Championship Driver points progression","sensor",,
"sensor.f1_championship_f1_driver_standings","22","F1 - Championship Driver standings","sensor",,
"sensor.f1_constructor_points_progression","3","F1 - Championship Constructor points progression","sensor",,
"sensor.f1_constructor_standings","11","F1 - Championship Constructor standings","sensor",,
"sensor.f1_constructor_standings_2","11","F1 - Championship Constructor standings","sensor",,
"sensor.f1_current_season","22","F1 - Race Current season","sensor",,
"sensor.f1_current_season_2","22","F1 - Race Current season","sensor",,
"sensor.f1_current_session","unavailable","F1 - Session Current session","sensor",,"enum"
"sensor.f1_driver_list","unavailable","F1_driver_list","sensor",,
"sensor.f1_driver_points_progression","3","F1 - Championship Driver points progression","sensor",,
"sensor.f1_driver_standings","22","F1 - Championship Driver standings","sensor",,
"sensor.f1_driver_standings_2","22","F1 - Championship Driver standings","sensor",,
"sensor.f1_drivers_current_tyres","unavailable","F1 - Drivers Current tyres","sensor",,
"sensor.f1_drivers_driver_list","22","F1 - Drivers Driver list","sensor",,
"sensor.f1_drivers_driver_positions","unavailable","F1 - Drivers Driver positions","sensor",,
"sensor.f1_drivers_pit_stops","unavailable","F1 - Drivers Pit stops","sensor",,
"sensor.f1_drivers_team_radio","unavailable","F1 - Drivers Team radio","sensor",,"timestamp"
"sensor.f1_drivers_top_three_p1","unavailable","F1 - Drivers Top three (P1)","sensor",,
"sensor.f1_drivers_top_three_p2","unavailable","F1 - Drivers Top three (P2)","sensor",,
"sensor.f1_drivers_top_three_p3","unavailable","F1 - Drivers Top three (P3)","sensor",,
"sensor.f1_drivers_tyre_statistics","unavailable","F1 - Drivers Tyre statistics","sensor",,
"sensor.f1_last_race_results","Antonelli","F1 - Race Last race results","sensor",,
"sensor.f1_last_race_results_2","Antonelli","F1 - Race Last race results","sensor",,
"sensor.f1_next_race","2026-05-03T20:00:00+00:00","F1 - Race Next race","sensor",,"timestamp"
"sensor.f1_next_race_2","2026-05-03T20:00:00+00:00","F1 - Race Next race","sensor",,"timestamp"
"sensor.f1_officials_f1_fia_documents","60","F1 - Officials FIA decisions","sensor",,
"sensor.f1_officials_fia_decisions","60","F1 - Officials FIA decisions","sensor",,
"sensor.f1_officials_fia_decisions_2","60","F1 - Officials FIA decisions","sensor",,
"sensor.f1_officials_investigations_penalties","unavailable","F1 - Officials Investigations & penalties","sensor",,
"sensor.f1_officials_race_control","unavailable","F1 - Officials Race control","sensor",,
"sensor.f1_officials_track_limits","unavailable","F1 - Officials Track limits","sensor",,
"sensor.f1_race_f1_current_season","22","F1 - Race Current season","sensor",,
"sensor.f1_race_f1_last_race_results","Antonelli","F1 - Race Last race results","sensor",,
"sensor.f1_race_f1_next_race","2026-05-03T20:00:00+00:00","F1 - Race Next race","sensor",,"timestamp"
"sensor.f1_race_f1_season_results","3","F1 - Race Season results","sensor",,
"sensor.f1_race_f1_sprint_results","1","F1 - Race Sprint results","sensor",,
"sensor.f1_race_f1_track_time","14:44","F1 - Race Track time","sensor",,
"sensor.f1_race_f1_weather","29.6","F1 - Race Weather","sensor","??C","temperature"
"sensor.f1_race_lap_count","unavailable","F1 - Session Race lap count","sensor",,
"sensor.f1_race_sprint_results","1","F1 - Race Sprint results","sensor",,
"sensor.f1_race_sprint_results_2","1","F1 - Race Sprint results","sensor",,
"sensor.f1_race_track_time","14:44","F1 - Race Track time","sensor",,
"sensor.f1_race_track_time_2","14:44","F1 - Race Track time","sensor",,
"sensor.f1_replay_status","idle","F1 - System Replay status","sensor",,
"sensor.f1_replay_status_2","idle","F1 - System Replay status","sensor",,
"sensor.f1_season_results","3","F1 - Race Season results","sensor",,
"sensor.f1_season_results_2","3","F1 - Race Season results","sensor",,
"sensor.f1_session_session_time_elapsed","unavailable","F1 - Session Session time elapsed","sensor",,
"sensor.f1_session_session_time_remaining","unavailable","F1 - Session Session time remaining","sensor",,
"sensor.f1_session_status","unavailable","F1 - Session Session status","sensor",,"enum"
"sensor.f1_session_straight_mode","unavailable","F1 - Session Straight mode","sensor",,"enum"
"sensor.f1_session_time_to_3_hour_limit","unavailable","F1 - Session Time to 3-hour limit","sensor",,
"sensor.f1_system_f1_live_timing_mode","idle","F1 - System Live timing mode","sensor",,"enum"
"sensor.f1_system_f1_live_timing_mode_2","idle","F1 - System Live timing mode","sensor",,"enum"
"sensor.f1_system_f1_live_timing_mode_3","idle","F1 - System Live timing mode","sensor",,"enum"
"sensor.f1_system_f1_replay_status","idle","F1 - System Replay status","sensor",,
"sensor.f1_track_status","unavailable","F1 - Session Track status","sensor",,"enum"
"sensor.f1_track_weather","unavailable","F1 - Session Track weather","sensor","??C","temperature"
"sensor.f1_weather","29.6","F1 - Race Weather","sensor","??C","temperature"
"sensor.f1_weather_2","29.6","F1 - Race Weather","sensor","??C","temperature"
"sensor.flightradar24_additional_tracked","0","FlightRadar24 Additional tracked","sensor",,
"sensor.flightradar24_airport_arrivals","unavailable","FlightRadar24 Airport arrivals","sensor",,
"sensor.flightradar24_airport_arrivals_canceled","unavailable","FlightRadar24 Airport arrivals canceled","sensor",,
"sensor.flightradar24_airport_arrivals_delay_average","unavailable","FlightRadar24 Airport arrivals delay average","sensor",,
"sensor.flightradar24_airport_arrivals_delay_index","unavailable","FlightRadar24 Airport arrivals delay index","sensor",,
"sensor.flightradar24_airport_arrivals_delayed","unavailable","FlightRadar24 Airport arrivals delayed","sensor",,
"sensor.flightradar24_airport_arrivals_on_time","unavailable","FlightRadar24 Airport arrivals on time","sensor",,
"sensor.flightradar24_airport_departures","unavailable","FlightRadar24 Airport departures","sensor",,
"sensor.flightradar24_airport_departures_canceled","unavailable","FlightRadar24 Airport departures canceled","sensor",,
"sensor.flightradar24_airport_departures_delay_average","unavailable","FlightRadar24 Airport departures delay average","sensor",,
"sensor.flightradar24_airport_departures_delay_index","unavailable","FlightRadar24 Airport departures delay index","sensor",,
"sensor.flightradar24_airport_departures_delayed","unavailable","FlightRadar24 Airport departures delayed","sensor",,
"sensor.flightradar24_airport_departures_on_time","unavailable","FlightRadar24 Airport departures on time","sensor",,
"sensor.flightradar24_current_in_area","0","FlightRadar24 Current in area","sensor",,
"sensor.flightradar24_entered_area","0","FlightRadar24 Entered area","sensor",,
"sensor.flightradar24_exited_area","0","FlightRadar24 Exited area","sensor",,
"sensor.flightradar24_most_tracked","10","FlightRadar24 Most tracked","sensor",,
"sensor.food_muncher_current","0.02","Christmas Current","sensor","A","current"
"sensor.food_muncher_current_consumption","0","Christmas Current consumption","sensor","W","power"
"sensor.food_muncher_this_month_s_consumption","0.134","Christmas This month's consumption","sensor","kWh","energy"
"sensor.food_muncher_today_s_consumption","0","Christmas Today's consumption","sensor","kWh","energy"
"sensor.food_muncher_total_consumption","2.365","Christmas Total consumption","sensor","kWh","energy"
"sensor.food_muncher_voltage","247.9","Christmas Voltage","sensor","V","voltage"
"sensor.front_door_battery","100","Front Door Battery","sensor","%","battery"
"sensor.front_door_voltage","3100","Front Door Voltage","sensor","mV","voltage"
"sensor.galaxy_note_9_battery_level","65","galaxy note 9 Battery level","sensor","%","battery"
"sensor.galaxy_note_9_battery_state","discharging","galaxy note 9 Battery state","sensor",,"enum"
"sensor.galaxy_note_9_charger_type","none","galaxy note 9 Charger type","sensor",,"enum"
"sensor.gas_rate","0.000000","Gas Meter gas_rate","sensor","GBP/kWh","monetary"
"sensor.grayburn_close_food_waste","unavailable","Grayburn Close Food waste","sensor",,"bin_collection_schedule"
"sensor.grayburn_close_food_waste_bin_type","Food waste","Grayburn Close Food waste Bin Type","sensor",,
"sensor.grayburn_close_food_waste_colour","black","Grayburn Close Food waste Colour","sensor",,
"sensor.grayburn_close_food_waste_days_until_collection","-1","Grayburn Close Food waste Days Until Collection","sensor",,
"sensor.grayburn_close_food_waste_next_collection_date","Unknown","Grayburn Close Food waste Next Collection Date","sensor",,
"sensor.grayburn_close_food_waste_next_collection_human_readable","Unknown","Grayburn Close Food waste Next Collection Human Readable","sensor",,
"sensor.grayburn_close_garden_waste","unavailable","Grayburn Close Garden waste","sensor",,"bin_collection_schedule"
"sensor.grayburn_close_garden_waste_bin_type","Garden waste","Grayburn Close Garden waste Bin Type","sensor",,
"sensor.grayburn_close_garden_waste_colour","black","Grayburn Close Garden waste Colour","sensor",,
"sensor.grayburn_close_garden_waste_days_until_collection","-1","Grayburn Close Garden waste Days Until Collection","sensor",,
"sensor.grayburn_close_garden_waste_next_collection_date","Unknown","Grayburn Close Garden waste Next Collection Date","sensor",,
"sensor.grayburn_close_garden_waste_next_collection_human_readable","Unknown","Grayburn Close Garden waste Next Collection Human Readable","sensor",,
"sensor.grayburn_close_general_waste","unavailable","Grayburn Close General waste","sensor",,"bin_collection_schedule"
"sensor.grayburn_close_general_waste_bin_type","General waste","Grayburn Close General waste Bin Type","sensor",,
"sensor.grayburn_close_general_waste_colour","black","Grayburn Close General waste Colour","sensor",,
"sensor.grayburn_close_general_waste_days_until_collection","-1","Grayburn Close General waste Days Until Collection","sensor",,
"sensor.grayburn_close_general_waste_next_collection_date","Unknown","Grayburn Close General waste Next Collection Date","sensor",,
"sensor.grayburn_close_general_waste_next_collection_human_readable","Unknown","Grayburn Close General waste Next Collection Human Readable","sensor",,
"sensor.grayburn_close_mixed_recycling","unavailable","Grayburn Close Mixed recycling","sensor",,"bin_collection_schedule"
"sensor.grayburn_close_mixed_recycling_bin_type","Mixed recycling","Grayburn Close Mixed recycling Bin Type","sensor",,
"sensor.grayburn_close_mixed_recycling_colour","black","Grayburn Close Mixed recycling Colour","sensor",,
"sensor.grayburn_close_mixed_recycling_days_until_collection","-1","Grayburn Close Mixed recycling Days Until Collection","sensor",,
"sensor.grayburn_close_mixed_recycling_next_collection_date","Unknown","Grayburn Close Mixed recycling Next Collection Date","sensor",,
"sensor.grayburn_close_mixed_recycling_next_collection_human_readable","Unknown","Grayburn Close Mixed recycling Next Collection Human Readable","sensor",,
"sensor.grayburn_close_paper_and_cardboard","unavailable","Grayburn Close Paper and cardboard","sensor",,"bin_collection_schedule"
"sensor.grayburn_close_paper_and_cardboard_bin_type","Paper and cardboard","Grayburn Close Paper and cardboard Bin Type","sensor",,
"sensor.grayburn_close_paper_and_cardboard_colour","black","Grayburn Close Paper and cardboard Colour","sensor",,
"sensor.grayburn_close_paper_and_cardboard_days_until_collection","-1","Grayburn Close Paper and cardboard Days Until Collection","sensor",,
"sensor.grayburn_close_paper_and_cardboard_next_collection_date","Unknown","Grayburn Close Paper and cardboard Next Collection Date","sensor",,
"sensor.grayburn_close_paper_and_cardboard_next_collection_human_readable","Unknown","Grayburn Close Paper and cardboard Next Collection Human Readable","sensor",,
"sensor.grayburn_close_textiles_batteries_electricals","unavailable","Grayburn Close Textiles/Batteries/Electricals","sensor",,"bin_collection_schedule"
"sensor.grayburn_close_textiles_batteries_electricals_bin_type","Textiles/Batteries/Electricals","Grayburn Close Textiles/Batteries/Electricals Bin Type","sensor",,
"sensor.grayburn_close_textiles_batteries_electricals_colour","black","Grayburn Close Textiles/Batteries/Electricals Colour","sensor",,
"sensor.grayburn_close_textiles_batteries_electricals_days_until_collection","-1","Grayburn Close Textiles/Batteries/Electricals Days Until Collection","sensor",,
"sensor.grayburn_close_textiles_batteries_electricals_next_collection_date","Unknown","Grayburn Close Textiles/Batteries/Electricals Next Collection Date","sensor",,
"sensor.grayburn_close_textiles_batteries_electricals_next_collection_human_readable","Unknown","Grayburn Close Textiles/Batteries/Electricals Next Collection Human Readable","sensor",,
"sensor.heater_current","0.01","Heater Current","sensor","A","current"
"sensor.heater_current_consumption","0","Heater Current consumption","sensor","W","power"
"sensor.heater_this_month_s_consumption","15.375","Heater This month's consumption","sensor","kWh","energy"
"sensor.heater_today_s_consumption","0","Heater Today's consumption","sensor","kWh","energy"
"sensor.heater_total_consumption","23.399","Heater Total consumption","sensor","kWh","energy"
"sensor.heater_voltage","247.3","Heater Voltage","sensor","V","voltage"
"sensor.ikeawhite1_action","","IkeaWhite1 Action","sensor",,
"sensor.ikeawhite1_battery","100","IkeaWhite1 Battery","sensor","%","battery"
"sensor.iks1_action","","iks1 Action","sensor",,
"sensor.iks1_battery","unknown","iks1 Battery","sensor","%","battery"
"sensor.iks1_linkquality","63","iks1 Linkquality","sensor","lqi",
"sensor.ipad_activity","Stationary","iPad Activity","sensor",,
"sensor.ipad_battery_level","100","iPad Battery Level","sensor","%","battery"
"sensor.ipad_battery_state","Full","iPad Battery State","sensor",,
"sensor.ipad_bssid","40:9b:cd:a9:0:9e","iPad BSSID","sensor",,
"sensor.ipad_connection_type","Wi-Fi","iPad Connection Type","sensor",,
"sensor.ipad_geocoded_location","4 Grayburn Close
Chalfont St Giles
England
HP8 4NZ
United Kingdom","iPad Geocoded Location","sensor",,
"sensor.ipad_last_update_trigger","Background Fetch","iPad Last Update Trigger","sensor",,
"sensor.ipad_sim_1","Verizon","iPad SIM 1","sensor",,
"sensor.ipad_ssid","marmite","iPad SSID","sensor",,
"sensor.ipad_storage","87.43","iPad Storage","sensor","% available",
"sensor.j_iphone_17_app_version","2026.4.0","J iPhone 17 App Version","sensor",,
"sensor.j_iphone_17_audio_output","Built-in Speaker","J iPhone 17 Audio Output","sensor",,
"sensor.j_iphone_17_battery_level","75","J iPhone 17 Battery Level","sensor","%","battery"
"sensor.j_iphone_17_battery_state","Not Charging","J iPhone 17 Battery State","sensor",,
"sensor.j_iphone_17_bssid","Not Connected","J iPhone 17 BSSID","sensor",,
"sensor.j_iphone_17_connection_type","Wi-Fi","J iPhone 17 Connection Type","sensor",,
"sensor.j_iphone_17_geocoded_location","4 Grayburn Close
Chalfont St Giles
England
HP8 4NZ
United Kingdom","J iPhone 17 Geocoded Location","sensor",,
"sensor.j_iphone_17_last_update_trigger","Watch Context","J iPhone 17 Last Update Trigger","sensor",,
"sensor.j_iphone_17_location_permission","Authorized when in use","J iPhone 17 Location permission","sensor",,
"sensor.j_iphone_17_sim_1","--","J iPhone 17 SIM 1","sensor",,
"sensor.j_iphone_17_sim_2","--","J iPhone 17 SIM 2","sensor",,
"sensor.j_iphone_17_ssid","Not Connected","J iPhone 17 SSID","sensor",,
"sensor.j_iphone_17_storage","40.25","J iPhone 17 Storage","sensor",,
"sensor.j_iphone_17_watch_battery_level","50","J iPhone 17 Watch Battery Level","sensor","%","battery"
"sensor.j_iphone_17_watch_battery_state","Not Charging","J iPhone 17 Watch Battery State","sensor",,
"sensor.jamess_ipad_app_version","2026.4.0","James???s iPad App Version","sensor",,
"sensor.jamess_ipad_audio_output","Built-in Speaker","James???s iPad Audio Output","sensor",,
"sensor.jamess_ipad_battery_level","95","James???s iPad Battery Level","sensor","%","battery"
"sensor.jamess_ipad_battery_state","Charging","James???s iPad Battery State","sensor",,
"sensor.jamess_ipad_bssid","1c:87:2c:6b:99:d4","James???s iPad BSSID","sensor",,
"sensor.jamess_ipad_connection_type","Wi-Fi","James???s iPad Connection Type","sensor",,
"sensor.jamess_ipad_geocoded_location","4 Grayburn Close
Chalfont St Giles
England
HP8 4NZ
United Kingdom","James???s iPad Geocoded Location","sensor",,
"sensor.jamess_ipad_last_update_trigger","Background Fetch","James???s iPad Last Update Trigger","sensor",,
"sensor.jamess_ipad_location_permission","Authorized Always","James???s iPad Location permission","sensor",,
"sensor.jamess_ipad_ssid","shed","James???s iPad SSID","sensor",,
"sensor.jamess_ipad_storage","69.02","James???s iPad Storage","sensor","% available",
"sensor.laundry_presence_illumination","bright","Laundry Occupied Illumination","sensor",,
"sensor.led_lights_current","0.01","Led Lights Current","sensor","A","current"
"sensor.led_lights_current_consumption","0","Led Lights Current consumption","sensor","W","power"
"sensor.led_lights_this_month_s_consumption","0.083","Led Lights This month's consumption","sensor","kWh","energy"
"sensor.led_lights_today_s_consumption","0","Led Lights Today's consumption","sensor","kWh","energy"
"sensor.led_lights_total_consumption","0.362","Led Lights Total consumption","sensor","kWh","energy"
"sensor.led_lights_voltage","247.5","Led Lights Voltage","sensor","V","voltage"
"sensor.levoit_smart_air_purifier_air_quality","excellent","Levoit Smart Air Purifier Air quality","sensor",,
"sensor.levoit_smart_air_purifier_filter_lifetime","73","Levoit Smart Air Purifier Filter lifetime","sensor","%",
"sensor.levoit_smart_air_purifier_pm2_5","5","Levoit Smart Air Purifier PM2.5","sensor","??g/m??","pm25"
"sensor.lisa_s_iphone_17_app_version","2026.4.1","Lisa's iPhone 17 App Version","sensor",,
"sensor.lisa_s_iphone_17_audio_output","unavailable","Lisa's iPhone 17 Audio Output","sensor",,
"sensor.lisa_s_iphone_17_battery_level","85","Lisa's iPhone 17 Battery Level","sensor","%","battery"
"sensor.lisa_s_iphone_17_battery_state","Not Charging","Lisa's iPhone 17 Battery State","sensor",,
"sensor.lisa_s_iphone_17_bssid","unavailable","Lisa's iPhone 17 BSSID","sensor",,
"sensor.lisa_s_iphone_17_connection_type","unavailable","Lisa's iPhone 17 Connection Type","sensor",,
"sensor.lisa_s_iphone_17_geocoded_location","unavailable","Lisa's iPhone 17 Geocoded Location","sensor",,
"sensor.lisa_s_iphone_17_last_update_trigger","unavailable","Lisa's iPhone 17 Last Update Trigger","sensor",,
"sensor.lisa_s_iphone_17_location_permission","Authorized Always","Lisa's iPhone 17 Location permission","sensor",,
"sensor.lisa_s_iphone_17_sim_1","unavailable","Lisa's iPhone 17 SIM 1","sensor",,
"sensor.lisa_s_iphone_17_sim_2","unavailable","Lisa's iPhone 17 SIM 2","sensor",,
"sensor.lisa_s_iphone_17_ssid","unavailable","Lisa's iPhone 17 SSID","sensor",,
"sensor.lisa_s_iphone_17_storage","unavailable","Lisa's iPhone 17 Storage","sensor","% available",
"sensor.lisa_s_iphone_app_version","2026.2.1","Lisa's iPhone App Version","sensor",,
"sensor.lisa_s_iphone_audio_output","unavailable","Lisa's iPhone Audio Output","sensor",,
"sensor.lisa_s_iphone_battery_level","100","Lisa's iPhone Battery Level","sensor","%","battery"
"sensor.lisa_s_iphone_battery_state","Full","Lisa's iPhone Battery State","sensor",,
"sensor.lisa_s_iphone_bssid","unavailable","Lisa's iPhone BSSID","sensor",,
"sensor.lisa_s_iphone_connection_type","Wi-Fi","Lisa's iPhone Connection Type","sensor",,
"sensor.lisa_s_iphone_geocoded_location","4 Grayburn Close
Chalfont St Giles
England
HP8 4NZ
United Kingdom","Lisa's iPhone Geocoded Location","sensor",,
"sensor.lisa_s_iphone_last_update_trigger","unavailable","Lisa's iPhone Last Update Trigger","sensor",,
"sensor.lisa_s_iphone_location_permission","Authorized when in use","Lisa's iPhone Location permission","sensor",,
"sensor.lisa_s_iphone_sim_1","unavailable","Lisa's iPhone SIM 1","sensor",,
"sensor.lisa_s_iphone_sim_2","unavailable","Lisa's iPhone SIM 2","sensor",,
"sensor.lisa_s_iphone_ssid","Not Connected","Lisa's iPhone SSID","sensor",,
"sensor.lisa_s_iphone_storage","0.21","Lisa's iPhone Storage","sensor","% available",
"sensor.octopus_energy_a_c361fa52_octoplus_points","500","Octoplus (A-C361FA52) Octoplus Points (A-C361FA52)","sensor",,
"sensor.octopus_energy_a_c361fa52_wheel_of_fortune_spins_electricity","2","Wheel Of Fortune Spins Electricity (A-C361FA52)","sensor",,
"sensor.octopus_energy_a_c361fa52_wheel_of_fortune_spins_gas","2","Wheel Of Fortune Spins Gas (A-C361FA52)","sensor",,
"sensor.octopus_energy_electricity_22j0693935_2000005235725_current_rate","0.263701","Electricity Meter Current Rate Electricity (22J0693935 2000005235725)","sensor","GBP/kWh","monetary"
"sensor.octopus_energy_electricity_22j0693935_2000005235725_current_standing_charge","0.50924895","Electricity Meter Current Standing Charge Electricity (22J0693935/2000005235725)","sensor","GBP","monetary"
"sensor.octopus_energy_electricity_22j0693935_2000005235725_next_rate","unknown","Electricity Meter Next Rate Electricity (22J0693935/2000005235725)","sensor","GBP/kWh","monetary"
"sensor.octopus_energy_electricity_22j0693935_2000005235725_previous_accumulative_consumption","17.11","Electricity Meter Previous Accumulative Consumption Electricity (22J0693935/2000005235725)","sensor","kWh","energy"
"sensor.octopus_energy_electricity_22j0693935_2000005235725_previous_accumulative_cost","5.02","Electricity Meter Previous Accumulative Cost Electricity (22J0693935/2000005235725)","sensor","GBP","monetary"
"sensor.octopus_energy_electricity_22j0693935_2000005235725_previous_rate","unknown","Electricity Meter Previous Rate Electricity (22J0693935/2000005235725)","sensor","GBP/kWh","monetary"
"sensor.octopus_energy_gas_e6s18621232261_3326254603_current_rate","0.062101","Gas Meter Current Rate Gas (E6S18621232261/3326254603)","sensor","GBP/kWh","monetary"
"sensor.octopus_energy_gas_e6s18621232261_3326254603_current_standing_charge","0.3656415","Gas Meter Current Standing Charge Gas (E6S18621232261/3326254603)","sensor","GBP","monetary"
"sensor.octopus_energy_gas_e6s18621232261_3326254603_next_rate","unknown","Gas Meter Next Rate Gas (E6S18621232261/3326254603)","sensor","GBP/kWh","monetary"
"sensor.octopus_energy_gas_e6s18621232261_3326254603_previous_accumulative_consumption_kwh","81.513","Gas Meter Previous Accumulative Consumption (kWh) Gas (E6S18621232261/3326254603)","sensor","kWh","energy"
"sensor.octopus_energy_gas_e6s18621232261_3326254603_previous_accumulative_consumption_m3","7.174","Gas Meter Previous Accumulative Consumption Gas (E6S18621232261/3326254603)","sensor","m??","gas"
"sensor.octopus_energy_gas_e6s18621232261_3326254603_previous_accumulative_cost","5.43","Gas Meter Previous Accumulative Cost Gas (E6S18621232261/3326254603)","sensor","GBP","monetary"
"sensor.octopus_energy_gas_e6s18621232261_3326254603_previous_rate","unknown","Gas Meter Previous Rate Gas (E6S18621232261/3326254603)","sensor","GBP/kWh","monetary"
"sensor.office_standard_current","0.03","Office Fan Heater Current","sensor","A","current"
"sensor.office_standard_current_consumption","0","Office Fan Heater Current consumption","sensor","W","power"
"sensor.office_standard_this_month_s_consumption","18.732","Office Fan Heater This month's consumption","sensor","kWh","energy"
"sensor.office_standard_today_s_consumption","0","Office Fan Heater Today's consumption","sensor","kWh","energy"
"sensor.office_standard_total_consumption","191.198","Office Fan Heater Total consumption","sensor","kWh","energy"
"sensor.office_standard_voltage","247.5","Office Fan Heater Voltage","sensor","V","voltage"
"sensor.ookla_speedtest_bufferbloat_grade","unknown","Ookla Speedtest Bufferbloat Grade","sensor",,
"sensor.ookla_speedtest_download","unknown","Ookla Speedtest Download","sensor","Mbit/s",
"sensor.ookla_speedtest_isp","unknown","Ookla Speedtest ISP","sensor",,
"sensor.ookla_speedtest_jitter","unknown","Ookla Speedtest Jitter","sensor","ms",
"sensor.ookla_speedtest_last_test","unknown","Ookla Speedtest Last Test","sensor",,"timestamp"
"sensor.ookla_speedtest_ping","unknown","Ookla Speedtest Ping","sensor","ms",
"sensor.ookla_speedtest_result_url","unknown","Ookla Speedtest Result URL","sensor",,
"sensor.ookla_speedtest_server","unknown","Ookla Speedtest Server","sensor",,
"sensor.ookla_speedtest_upload","unknown","Ookla Speedtest Upload","sensor","Mbit/s",
"sensor.pantrysensor_illumination","bright","Pantrysensor Illumination","sensor",,
"sensor.plant1_battery","100","Plant1 Battery","sensor","%","battery"
"sensor.plant1_soil_moisture","25.68","Plant1 Moisture","sensor","%","moisture"
"sensor.plant1_temperature","17.75","Plant1 Temperature","sensor","??C","temperature"
"sensor.psn_james_bronze_trophies","78","PSN James Bronze trophies","sensor","trophies",
"sensor.psn_james_gold_trophies","3","PSN James Gold trophies","sensor","trophies",
"sensor.psn_james_last_online","2026-04-28T01:37:06+00:00","PSN James Last online","sensor",,"timestamp"
"sensor.psn_james_next_level","0","PSN James Next level","sensor","%",
"sensor.psn_james_now_playing","unknown","PSN James Now playing","sensor",,
"sensor.psn_james_online_id","MrMarmite_JP","PSN James Online ID","sensor",,
"sensor.psn_james_online_status","offline","PSN James Online status","sensor",,"enum"
"sensor.psn_james_platinum_trophies","0","PSN James Platinum trophies","sensor","trophies",
"sensor.psn_james_silver_trophies","8","PSN James Silver trophies","sensor","trophies",
"sensor.psn_james_trophy_level","29","PSN James Trophy level","sensor",,
"sensor.rt_ax58u_3708_download_speed","1023.42028074297","RT-AX58U-3708 Download speed","sensor","KiB/s","data_rate"
"sensor.rt_ax58u_3708_external_ip","86.21.100.82","RT-AX58U-3708 External IP","sensor",,
"sensor.rt_ax58u_3708_upload_speed","62.5409952657194","RT-AX58U-3708 Upload speed","sensor","KiB/s","data_rate"
"sensor.sams_phone_app_version","2026.4.0","sams phone App Version","sensor",,
"sensor.sams_phone_audio_output","unavailable","sams phone Audio Output","sensor",,
"sensor.sams_phone_battery_level","100","sams phone Battery Level","sensor","%","battery"
"sensor.sams_phone_battery_state","Not Charging","sams phone Battery State","sensor",,
"sensor.sams_phone_bssid","unavailable","sams phone BSSID","sensor",,
"sensor.sams_phone_connection_type","unavailable","sams phone Connection Type","sensor",,
"sensor.sams_phone_geocoded_location","unavailable","sams phone Geocoded Location","sensor",,
"sensor.sams_phone_last_update_trigger","unavailable","sams phone Last Update Trigger","sensor",,
"sensor.sams_phone_location_permission","Authorized when in use","sams phone Location permission","sensor",,
"sensor.sams_phone_sim_1","unavailable","sams phone SIM 1","sensor",,
"sensor.sams_phone_sim_2","unavailable","sams phone SIM 2","sensor",,
"sensor.sams_phone_ssid","unavailable","sams phone SSID","sensor",,
"sensor.sams_phone_storage","unavailable","sams phone Storage","sensor","% available",
"sensor.samsung9_battery_level","1","Samsung9 Battery level","sensor","%","battery"
"sensor.samsung9_battery_state","discharging","Samsung9 Battery state","sensor",,"enum"
"sensor.samsung9_charger_type","none","Samsung9 Charger type","sensor",,"enum"
"sensor.screen_on_since","unknown","Screen On since","sensor",,"timestamp"
"sensor.side_door_battery","100","Side Door Battery","sensor","%","battery"
"sensor.side_door_voltage","3000","Side Door Voltage","sensor","mV","voltage"
"sensor.sinkleak_battery","100","SinkLeak Battery","sensor","%","battery"
"sensor.sinkleak_voltage","1400","SinkLeak Voltage","sensor","mV","voltage"
"sensor.study_door_battery","100","study door Battery","sensor","%","battery"
"sensor.study_door_device_temperature","19","study door Temperature","sensor","??C","temperature"
"sensor.study_door_voltage","3095","study door Voltage","sensor","mV","voltage"
"sensor.study_leak_detector_battery","100","Study leak detector Battery","sensor","%","battery"
"sensor.study_leak_detector_voltage","1500","Study leak detector Voltage","sensor","mV","voltage"
"sensor.studypresence_illumination","bright","StudyPresence Illumination","sensor",,
"sensor.sun_next_dawn","2026-04-29T03:59:25+00:00","Sun Next dawn","sensor",,"timestamp"
"sensor.sun_next_dusk","2026-04-28T19:59:23+00:00","Sun Next dusk","sensor",,"timestamp"
"sensor.sun_next_midnight","2026-04-28T23:59:41+00:00","Sun Next midnight","sensor",,"timestamp"
"sensor.sun_next_noon","2026-04-29T11:59:44+00:00","Sun Next noon","sensor",,"timestamp"
"sensor.sun_next_rising","2026-04-29T04:38:04+00:00","Sun Next rising","sensor",,"timestamp"
"sensor.sun_next_setting","2026-04-28T19:20:42+00:00","Sun Next setting","sensor",,"timestamp"
"sensor.tp357s_3166_battery","1","TP357S (3166) Battery","sensor","%","battery"
"sensor.tp357s_3166_humidity","37","TP357S (3166) Humidity","sensor","%","humidity"
"sensor.tp357s_3166_temperature","19.9","Kitchen temperature","sensor","??C","temperature"
"sensor.vibration_1_battery","65","Vibration1 Battery","sensor","%","battery"
"sensor.vibration_1_voltage","2800","Vibration1 Voltage","sensor","mV","voltage"
"sensor.vibration_1_x_axis","112","Vibration1 X axis","sensor",,
"sensor.vibration_1_y_axis","33","Vibration1 Y axis","sensor",,
"sensor.vibration_1_z_axis","1133","Vibration1 Z axis","sensor",,
"sensor.zigbee2mqtt_bridge_network_map","unknown","Zigbee2MQTT Bridge Network map","sensor",,
"sensor.zigbee2mqtt_bridge_version","2.9.2","Zigbee2MQTT Bridge Version","sensor",,
"siren.buzzer_alarm","off","Buzzer Alarm","siren",,
"siren.buzzer2_alarm","off","Buzzer2 Alarm","siren",,
"sun.sun","above_horizon","Sun","sun",,
"switch.0x001788010f692336_led_indication","on","Back garden motion Led indication","switch",,
"switch.0x180df9fffef4eca7","off","Back Garden Light","switch",,
"switch.0x180df9fffef4eca7_network_indicator","off","Back garden switch Network indicator","switch",,
"switch.0xc4d8c8fffe5a20b9_child_lock","off","Hallway Radiator Child lock","switch",,
"switch.0xc4d8c8fffe5a20b9_open_window","off","Hallway Radiator Open window","switch",,
"switch.0xc4d8c8fffe5a20b9_smart_temperature_control","off","Hallway Radiator Smart temperature control","switch",,
"switch.api_data_fetching","on","FlightRadar24 API data fetching","switch",,
"switch.blinkin_camera_motion_detection","off","BlinkIn  Camera motion detection","switch",,"switch"
"switch.blinkout_camera_motion_detection","on","BlinkOut  Camera motion detection","switch",,"switch"
"switch.buzzer_alarm","off","Buzzer Alarm","switch",,
"switch.buzzer2_alarm","off","Buzzer2 Alarm","switch",,
"switch.dishwasher_child_lock","off","Dishwasher Child lock","switch",,
"switch.dishwasher_extra_dry","off","Dishwasher Extra dry","switch",,
"switch.dishwasher_half_load","off","Dishwasher Half load","switch",,
"switch.dishwasher_power","off","Dishwasher Power","switch",,
"switch.dishwasher_silence_on_demand","unavailable","Dishwasher Silence on demand","switch",,
"switch.dishwasher_vario_speed","off","Dishwasher Vario speed +","switch",,
"switch.f1_delay_calibration","off","F1 - System Delay calibration","switch",,
"switch.f1_delay_calibration_2","off","F1 - System Delay calibration","switch",,
"switch.f1_no_spoiler_mode","off","F1 - System No Spoiler Mode","switch",,
"switch.f1_system_f1_delay_calibration","off","F1 - System Delay calibration","switch",,
"switch.food_muncher","off","Christmas","switch",,
"switch.food_muncher_led","on","Christmas LED","switch",,
"switch.greenhouse_mss620_main_channel","on","Greenhouse (mss620) - Main channel","switch",,
"switch.greenhouse_mss620_switch_1","on","Greenhouse (mss620) - Switch 1","switch",,
"switch.greenhouse_mss620_switch_2","off","Greenhouse (mss620) - Switch 2","switch",,
"switch.heater","off","Heater","switch",,
"switch.heater_led","off","Heater LED","switch",,
"switch.james_lamp","off","James Lamp","switch",,
"switch.james_lamp_led","on","James Lamp LED","switch",,
"switch.led_lights","off","Led Lights","switch",,
"switch.led_lights_led","on","Led Lights LED","switch",,
"switch.levoit_smart_air_purifier_child_lock","off","Levoit Smart Air Purifier Child lock","switch",,
"switch.levoit_smart_air_purifier_display","on","Levoit Smart Air Purifier Display","switch",,
"switch.office_standard","off","Office Fan Heater","switch",,
"switch.office_standard_led","on","Office Fan Heater LED","switch",,
"switch.power_strip_socket_1","off","Lamp","switch",,"outlet"
"switch.power_strip_socket_2","on","Power strip Socket 2","switch",,"outlet"
"switch.power_strip_socket_3","on","Power strip Socket 3","switch",,"outlet"
"switch.power_strip_socket_4","on","4","switch",,"outlet"
"switch.power_strip_socket_5","on","USB x 4","switch",,"outlet"
"switch.screen","off","Screen","switch",,
"switch.screen_led","on","Screen LED","switch",,
"switch.shelves","off","Shelves","switch",,
"switch.shelves_led","on","Shelves LED","switch",,
"switch.zigbee2mqtt_bridge_permit_join","off","Zigbee2MQTT Bridge Permit join","switch",,
"text.0xc4d8c8fffe5a20b9_weekly_schedule_friday","00:00/16 07:00/19 10:00/16 10:00/16 17:00/19 23:00/16","Hallway Radiator Weekly schedule friday","text",,
"text.0xc4d8c8fffe5a20b9_weekly_schedule_monday","00:00/16 07:00/19 10:00/16 10:00/16 17:00/19 23:00/16","Hallway Radiator Weekly schedule monday","text",,
"text.0xc4d8c8fffe5a20b9_weekly_schedule_saturday","00:00/16 07:00/19 10:00/19 10:00/19 10:00/19 23:00/16","Hallway Radiator Weekly schedule saturday","text",,
"text.0xc4d8c8fffe5a20b9_weekly_schedule_sunday","00:00/16 07:00/19 10:00/19 10:00/19 10:00/19 23:00/16","Hallway Radiator Weekly schedule sunday","text",,
"text.0xc4d8c8fffe5a20b9_weekly_schedule_thursday","00:00/16 07:00/19 10:00/16 10:00/16 17:00/19 23:00/16","Hallway Radiator Weekly schedule thursday","text",,
"text.0xc4d8c8fffe5a20b9_weekly_schedule_tuesday","00:00/16 07:00/19 10:00/16 10:00/16 17:00/19 23:00/16","Hallway Radiator Weekly schedule tuesday","text",,
"text.0xc4d8c8fffe5a20b9_weekly_schedule_wednesday","00:00/16 07:00/19 10:00/16 10:00/16 17:00/19 23:00/16","Hallway Radiator Weekly schedule wednesday","text",,
"text.flightradar24_add_to_track","","FlightRadar24 Add to track","text",,
"text.flightradar24_airport_track","","FlightRadar24 Airport track","text",,
"text.flightradar24_remove_from_track","","FlightRadar24 Remove from track","text",,
"todo.shopping_list","0","Shopping List","todo",,
"tts.google_translate_en_com","unknown","Google Translate en com","tts",,
"update.0x001788010f692336","off","Back garden motion","update",,"firmware"
"update.0x180df9fffef4eca7","off","Back garden switch","update",,"firmware"
"update.0xa4c138bef310d974","off","Laundry light ","update",,"firmware"
"update.0xc4d8c8fffe5a20b9","off","Hallway Radiator","update",,"firmware"
"update.alexa_media_player_update","off","Alexa Media Player Update","update",,
"update.andy_temperature_card_update","off","Andy Temperature Card Update","update",,
"update.battery_state_card_entity_row_update","off","Battery State Card / Entity Row Update","update",,
"update.button_1","off","Button1","update",,"firmware"
"update.button_2","off","Button 2","update",,"firmware"
"update.button_card_update","off","button-card Update","update",,
"update.digital_clock_update","off","Digital Clock Update","update",,
"update.dual_gauge_card_update","off","Dual Gauge card Update","update",,
"update.f1_sensor_live_data_card_update","off","F1 Sensor Live Data Card Update","update",,
"update.f1_sensor_update","off","F1 Sensor Update","update",,
"update.file_editor_update","off","File editor Update","update",,
"update.flightradar_flight_card_update","off","Flightradar Flight Card Update","update",,
"update.flightradar24_update","off","Flightradar24 Update","update",,
"update.formula_one_card_update","off","Formula One Card Update","update",,
"update.front_door","off","Front Door","update",,"firmware"
"update.govee_update","off","govee Update","update",,
"update.hacs_update","off","HACS Update","update",,
"update.home_assistant_core_update","off","Home Assistant Core Update","update",,
"update.home_assistant_operating_system_update","on","Home Assistant Operating System Update","update",,
"update.home_assistant_supervisor_update","off","Home Assistant Supervisor Update","update",,
"update.ikea_bulb_1","off","Ikea bulb 1","update",,"firmware"
"update.ikeawhite1","off","IkeaWhite1","update",,"firmware"
"update.iks1","off","iks1","update",,"firmware"
"update.kiosk_mode_update","off","Kiosk Mode Update","update",,
"update.laundry_presence","off","Laundry Occupied","update",,"firmware"
"update.levoit_smart_air_purifier_firmware","off","Levoit Smart Air Purifier Firmware","update",,"firmware"
"update.local_tuya_update","off","Local Tuya Update","update",,
"update.matter_server_update","off","Matter Server Update","update",,
"update.meross_integration_update","off","Meross Integration Update","update",,
"update.mini_graph_card_update","off","mini-graph-card Update","update",,
"update.mini_media_player_update","off","Mini Media Player Update","update",,
"update.mosquitto_broker_update","off","Mosquitto broker Update","update",,
"update.mushroom_update","off","Mushroom Update","update",,
"update.music_assistant_update","off","Music Assistant Update","update",,
"update.octopus_energy_update","off","Octopus Energy Update","update",,
"update.ookla_speedtest_update","off","Ookla Speedtest Update","update",,
"update.pantrylight","off","PantryLight","update",,"firmware"
"update.pantrysensor","off","Pantrysensor","update",,"firmware"
"update.plant1","off","Plant1","update",,"firmware"
"update.side_door","off","Side Door","update",,"firmware"
"update.sinkleak","off","SinkLeak","update",,"firmware"
"update.sonoff_lan_update","off","Sonoff LAN Update","update",,
"update.spotify_connect_update","off","Spotify Connect Update","update",,
"update.study_leak_detector","off","Study leak detector","update",,"firmware"
"update.studypresence","off","StudyPresence","update",,"firmware"
"update.sun_position_card_update","off","Sun Position Card Update","update",,
"update.terminal_ssh_update","off","Terminal & SSH Update","update",,
"update.treemap_card_update","off","Treemap Card Update","update",,
"update.uk_bin_collection_data_update","off","UK Bin Collection Data Update","update",,
"update.vibration_1","off","Vibration1","update",,"firmware"
"update.zigbee2mqtt_update","off","Zigbee2MQTT Update","update",,
"weather.forecast_home","sunny","Forecast Home","weather",,
"zone.home","3","Home","zone",,
